[
  {
    "id": 1,
    "title": "기획",
    "subtitle": "a 헬스케어의 마일스톤을 찍다",
    "date": "2024.06.04",
    "calName": "내 캘린더"
  },
  {
    "id": 2,
    "title": "Figma 작업",
    "subtitle": "b 헬스케어의마일스톤을 찍다",
    "date": "2024.06.05",
    "calName": "A 캘린더"
  },
  {
    "id": 3,
    "title": "퍼블리싱",
    "subtitle": "c 헬스케어의마일스톤을 찍다",
    "date": "2024.06.06",
    "calName": "B 캘린더"
  },
  {
    "id": 4,
    "title": "기능구현",
    "subtitle": "d 헬스케어의마일스톤을 찍다",
    "date": "2024.06.07",
    "calName": "C 캘린더"
  }
]
