[
  {
    "id": "kyr001",
    "title": "스케줄구현",
    "start": "2023-09-06",
    "end": "2023-09-09",
    "allDay": true,
    "backgroundColor": "black",
    "textColor": "yellow",
    "extendedProps": {
      "comment": "FullCal사용"
    }
  },
  {
    "id": "kyr002",
    "title": "최프착수보고",
    "start": "2023-09-07T14:00",
    "end": "2023-09-07T15:00",
    "backgroundColor": "black",
    "textColor": "yellow",
    "extendedProps": {
      "comment": "최프발표"
    }
  },
  {
    "id": "kyr003",
    "title": "모달구현",
    "start": "2023-09-06",
    "end": "2023-09-07",
    "backgroundColor": "black",
    "textColor": "yellow",
    "allDay": true,
    "extendedProps": {
      "comment": "스케줄기능확장"
    }
  }
]
